书法家,字体类型,字体数量
author,chirography,1
乾隆,楷,1
仇靖,隶,1
何绍基,楷|行|隶,3
佚名,楷|篆|隶,3
傅山,行,1
冯子振,行,1
刘日升,行,1
吴昌硕,篆,1
吴琚,行,1
吴让之,篆,1
吴通微,楷,1
唐寅,行,1
墓志,楷,1
姚孟起,行,1
姜夔,楷,1
姜立纲,楷,1
孙过庭,草,1
宋克,草,1
宋珏,行,1
小野道风,行,1
康熙,楷,1
康里巎巎,草,1
张即之,楷|行,2
张弼,草,1
张旭,楷|草,2
张瑞图,草|行,2
张芝,草,1
徐渭,行,1
怀素,草,1
摩崖刻石,楷|隶,2
文天祥,草,1
文彭,行,1
文征明,楷|草|行,3
智永,楷|草,2
曾巩,楷,1
朱登,隶,1
朱耷\八大山人,楷|行,2
李倜,行,1
李孝光,行,1
李斯,篆,1
李邕,楷|行,2
李阳冰,篆,1
杨凝式,草|行,2
杨沂孙,篆,1
杨秀,楷,1
杨维桢,行|隶,2
柯九思,楷,1
柳公权,楷,1
欧阳询,楷|行,2
欧阳通,楷,1
沈尹默,行,1
王宠,草,1
王献之,楷|草|行,3
王珣,行,1
王福庵,篆,1
王羲之,楷|草|行,3
王诜,行,1
王铎,草|行,2
皇象,篆,1
祝允明,草|行,2
空海,楷,1
简牍帛书盟书,隶,1
米芾,草|行,2
索靖,草,1
苏轼,行,1
董其昌,楷|草|行,3
蔡京,行,1
蔡襄,草|行,2
薛绍彭,草,1
虞世南,楷|行,2
褚遂良,楷,1
赵之谦,楷|篆,2
赵佶\宋徽宗,楷|草|行,3
赵孟頫,楷|草|行,3
赵构,行,1
造像记,楷,1
邓文原,草,1
邓石如,楷|篆|草|隶,4
金农,隶,1
金文刻石,篆,1
钟繇,楷,1
钟绍京,楷,1
陆机,草,1
陆柬之,行,1
陆游,行,1
陶弘景,楷,1
颜真卿,楷|行,2
鲜于枢,楷|草|行,3
黄养正,楷,1
黄庭坚,草|行,2
黄自元,楷,1
黄道周,行,1
龚贤,行,1
